[{"model": "matrix.schoolyear", "pk": 1, "fields": {"added_date": "2019-07-11T14:07:32.784Z", "updated_date": "2019-07-11T14:07:32.788Z", "name": "2A", "order": 2}}, {"model": "matrix.schoolyear", "pk": 2, "fields": {"added_date": "2019-07-11T14:07:32.784Z", "updated_date": "2019-07-11T14:07:32.788Z", "name": "1A", "order": 1}}, {"model": "matrix.schoolyear", "pk": 3, "fields": {"added_date": "2019-07-11T14:07:32.784Z", "updated_date": "2019-07-11T14:07:32.788Z", "name": "3A", "order": 3}}, {"model": "matrix.schoolyear", "pk": 4, "fields": {"added_date": "2019-08-21T09:28:43.520Z", "updated_date": "2019-08-21T09:28:43.520Z", "name": "Anciens", "order": 4}}, {"model": "matrix.promotionyear", "pk": 1, "fields": {"added_date": "2019-08-22T08:03:36.794Z", "updated_date": "2019-08-22T08:03:36.795Z", "name": "2018/2019", "value": 2018, "current": false}}, {"model": "matrix.promotionyear", "pk": 2, "fields": {"added_date": "2019-08-22T08:03:44.860Z", "updated_date": "2019-08-22T08:03:44.860Z", "name": "2019/2020", "value": 2019, "current": true}}, {"model": "matrix.profileuser", "pk": 1, "fields": {"added_date": "2019-07-11T14:07:32.856Z", "updated_date": "2019-08-22T09:31:10.863Z", "year_entrance": 2, "cesure": false, "user": 1}}, {"model": "matrix.profileuser", "pk": 2, "fields": {"added_date": "2019-08-07T21:31:01.931Z", "updated_date": "2019-08-22T08:04:02.838Z", "year_entrance": 2, "cesure": false, "user": 2}}, {"model": "matrix.profileuser", "pk": 3, "fields": {"added_date": "2019-08-07T21:31:10.311Z", "updated_date": "2019-08-22T08:04:00.515Z", "year_entrance": 2, "cesure": false, "user": 3}}, {"model": "matrix.profileuser", "pk": 129, "fields": {"added_date": "2019-08-22T07:44:33.038Z", "updated_date": "2019-08-22T08:03:58.100Z", "year_entrance": 2, "cesure": false, "user": 131}}, {"model": "matrix.profileuser", "pk": 130, "fields": {"added_date": "2019-08-22T07:45:21.787Z", "updated_date": "2019-08-22T08:05:13.150Z", "year_entrance": 2, "cesure": false, "user": 132}}, {"model": "matrix.profileuser", "pk": 131, "fields": {"added_date": "2019-08-22T07:45:30.581Z", "updated_date": "2019-08-22T08:03:48.129Z", "year_entrance": 2, "cesure": false, "user": 133}}, {"model": "matrix.profileuser", "pk": 132, "fields": {"added_date": "2019-08-22T08:04:45.503Z", "updated_date": "2019-08-22T08:04:45.503Z", "year_entrance": 1, "cesure": false, "user": 134}}, {"model": "matrix.profileuser", "pk": 133, "fields": {"added_date": "2019-08-22T08:05:06.294Z", "updated_date": "2019-08-22T08:05:06.294Z", "year_entrance": 1, "cesure": false, "user": 135}}, {"model": "matrix.profileuser", "pk": 134, "fields": {"added_date": "2019-08-23T16:35:53.011Z", "updated_date": "2019-08-23T16:35:53.011Z", "year_entrance": 1, "cesure": false, "user": 136}}, {"model": "matrix.semestre", "pk": 1, "fields": {"added_date": "2019-07-11T14:07:32.833Z", "updated_date": "2019-07-11T14:07:32.838Z", "name": "S1", "order": 1, "schoolyear": 2}}, {"model": "matrix.semestre", "pk": 2, "fields": {"added_date": "2019-07-11T14:07:32.833Z", "updated_date": "2019-07-11T14:07:32.838Z", "name": "S2", "order": 2, "schoolyear": 2}}, {"model": "matrix.semestre", "pk": 3, "fields": {"added_date": "2019-07-11T14:07:32.833Z", "updated_date": "2019-07-11T14:07:32.838Z", "name": "S3", "order": 3, "schoolyear": 1}}, {"model": "matrix.semestre", "pk": 4, "fields": {"added_date": "2019-07-11T14:07:32.833Z", "updated_date": "2019-07-11T14:07:32.838Z", "name": "S4", "order": 4, "schoolyear": 1}}, {"model": "matrix.semestre", "pk": 5, "fields": {"added_date": "2019-07-11T14:07:32.833Z", "updated_date": "2019-07-11T14:07:32.838Z", "name": "S5", "order": 5, "schoolyear": 3}}, {"model": "matrix.semestre", "pk": 6, "fields": {"added_date": "2019-07-11T14:07:32.833Z", "updated_date": "2019-07-11T14:07:32.838Z", "name": "S6", "order": 6, "schoolyear": 3}}, {"model": "matrix.ue", "pk": 1, "fields": {"added_date": "2019-07-11T14:07:32.843Z", "updated_date": "2019-07-11T14:07:32.848Z", "name": "UE12", "semestre": 1}}, {"model": "matrix.ue", "pk": 2, "fields": {"added_date": "2019-07-11T14:07:32.843Z", "updated_date": "2019-07-11T14:07:32.848Z", "name": "UE22", "semestre": 2}}, {"model": "matrix.ecue", "pk": 1, "fields": {"added_date": "2019-08-21T07:22:49.625Z", "updated_date": "2019-08-21T07:22:49.625Z", "name": "Apprentissage de la programmation", "ue": 1}}, {"model": "matrix.ecue", "pk": 2, "fields": {"added_date": "2019-08-21T07:22:56.525Z", "updated_date": "2019-08-21T07:22:56.525Z", "name": "Outils pour les math\u00e9matiques", "ue": 1}}, {"model": "matrix.ecue", "pk": 3, "fields": {"added_date": "2019-08-21T07:23:09.800Z", "updated_date": "2019-08-21T07:23:09.800Z", "name": "Programmation \u00e9l\u00e9mentaire", "ue": 1}}, {"model": "matrix.ecue", "pk": 4, "fields": {"added_date": "2019-08-21T07:23:17.171Z", "updated_date": "2019-08-21T07:23:17.171Z", "name": "Programmation coop\u00e9rante", "ue": 2}}, {"model": "matrix.ecue", "pk": 5, "fields": {"added_date": "2019-08-21T07:23:23.105Z", "updated_date": "2019-08-21T07:23:23.105Z", "name": "Programmation fiable", "ue": 2}}, {"model": "matrix.ecue", "pk": 6, "fields": {"added_date": "2019-08-21T07:23:28.867Z", "updated_date": "2019-08-21T07:23:28.867Z", "name": "Projets logiciels", "ue": 2}}, {"model": "matrix.course", "pk": 1, "fields": {"added_date": "2019-07-11T14:07:32.802Z", "updated_date": "2019-08-21T07:23:53.328Z", "name": "Python primer", "ecue": 2, "slug": "python-primer"}}, {"model": "matrix.course", "pk": 2, "fields": {"added_date": "2019-07-11T14:07:32.802Z", "updated_date": "2019-08-21T07:25:12.822Z", "name": "Fonctionnement des ordinateurs et OS", "ecue": 3, "slug": "fonctionnement-des-ordinateurs-et-os"}}, {"model": "matrix.course", "pk": 3, "fields": {"added_date": "2019-07-11T14:07:32.802Z", "updated_date": "2019-08-21T07:24:03.734Z", "name": "Python num\u00e9rique", "ecue": 2, "slug": "python-numerique"}}, {"model": "matrix.course", "pk": 4, "fields": {"added_date": "2019-07-11T14:07:32.802Z", "updated_date": "2019-08-21T07:24:16.262Z", "name": "Python dataviz", "ecue": 2, "slug": "python-dataviz"}}, {"model": "matrix.course", "pk": 5, "fields": {"added_date": "2019-07-11T14:07:32.802Z", "updated_date": "2019-08-21T07:24:30.558Z", "name": "Git", "ecue": 2, "slug": "git"}}, {"model": "matrix.course", "pk": 6, "fields": {"added_date": "2019-07-11T14:07:32.802Z", "updated_date": "2019-08-21T07:25:27.970Z", "name": "Fondamentaux en algorithmique", "ecue": 3, "slug": "fondamentaux-en-algorithmique"}}, {"model": "matrix.course", "pk": 7, "fields": {"added_date": "2019-08-21T07:25:47.590Z", "updated_date": "2019-08-21T07:25:47.590Z", "name": "Marathon de code", "ecue": 3, "slug": "marathon-de-code"}}, {"model": "matrix.course", "pk": 8, "fields": {"added_date": "2019-08-21T07:26:02.448Z", "updated_date": "2019-08-21T07:26:02.448Z", "name": "Apprentissage de la programmation", "ecue": 1, "slug": "apprentissage-de-la-programmation"}}, {"model": "matrix.evaluationvalue", "pk": 6, "fields": {"added_date": "2019-07-11T14:07:32.873Z", "updated_date": "2019-08-09T19:46:59.861Z", "value": "Nul", "integer_value": 1, "order": 1}}, {"model": "matrix.evaluationvalue", "pk": 7, "fields": {"added_date": "2019-07-11T14:07:32.873Z", "updated_date": "2019-08-09T19:46:57.863Z", "value": "Passable", "integer_value": 2, "order": 2}}, {"model": "matrix.evaluationvalue", "pk": 8, "fields": {"added_date": "2019-07-11T14:07:32.873Z", "updated_date": "2019-08-09T19:47:01.906Z", "value": "Bien", "integer_value": 3, "order": 3}}, {"model": "matrix.evaluationvalue", "pk": 9, "fields": {"added_date": "2019-07-11T14:07:32.873Z", "updated_date": "2019-08-09T19:47:03.428Z", "value": "Excellent", "integer_value": 4, "order": 4}}, {"model": "matrix.learningachievement", "pk": 1, "fields": {"added_date": "2019-07-11T14:07:32.761Z", "updated_date": "2019-07-11T14:07:32.779Z", "name": "Sait utiliser les boucles for", "course": 1, "slug": "sait-utiliser-boucles-for"}}, {"model": "matrix.learningachievement", "pk": 2, "fields": {"added_date": "2019-07-11T14:07:32.761Z", "updated_date": "2019-07-11T14:07:32.779Z", "name": "Sait utiliser des entiers", "course": 1, "slug": "sait-utiliser-entiers"}}, {"model": "matrix.learningachievement", "pk": 3, "fields": {"added_date": "2019-07-11T14:11:36.378Z", "updated_date": "2019-07-11T14:11:36.378Z", "name": "Sait blabla", "course": 1, "slug": "sait-blabla"}}, {"model": "matrix.learningachievement", "pk": 4, "fields": {"added_date": "2019-07-11T14:12:04.212Z", "updated_date": "2019-07-11T14:12:04.212Z", "name": "Sait aozenaoizen", "course": 1, "slug": "sait-aozenaoizen"}}, {"model": "matrix.learningachievement", "pk": 5, "fields": {"added_date": "2019-08-21T08:01:11.448Z", "updated_date": "2019-08-21T08:01:11.448Z", "name": "Sait utiliser numpy", "course": 3, "slug": "sait-utiliser-numpy"}}, {"model": "matrix.learningachievement", "pk": 6, "fields": {"added_date": "2019-08-21T08:01:26.150Z", "updated_date": "2019-08-21T08:01:26.151Z", "name": "Sait diff\u00e9rencier .dot et @", "course": 3, "slug": "sait-differencier-dot-et"}}, {"model": "matrix.learningachievement", "pk": 7, "fields": {"added_date": "2019-08-21T08:01:38.029Z", "updated_date": "2019-08-21T08:01:38.029Z", "name": "Jongle", "course": 3, "slug": "jongle"}}, {"model": "matrix.studentevaluation", "pk": 83, "fields": {"added_date": "2019-08-21T09:30:41.242Z", "updated_date": "2019-08-29T08:44:51.608Z", "achievement": 7, "student": 1, "evaluation_value": 6, "teacher_evaluation": false, "last_evaluation": false}}, {"model": "matrix.studentevaluation", "pk": 84, "fields": {"added_date": "2019-08-26T11:59:03.465Z", "updated_date": "2019-08-26T11:59:03.465Z", "achievement": 7, "student": 1, "evaluation_value": 6, "teacher_evaluation": true, "last_evaluation": false}}, {"model": "matrix.studentevaluation", "pk": 85, "fields": {"added_date": "2019-08-26T11:59:03.524Z", "updated_date": "2019-08-26T11:59:03.524Z", "achievement": 6, "student": 1, "evaluation_value": 6, "teacher_evaluation": true, "last_evaluation": false}}, {"model": "matrix.studentevaluation", "pk": 86, "fields": {"added_date": "2019-08-26T11:59:03.567Z", "updated_date": "2019-08-26T11:59:03.568Z", "achievement": 5, "student": 1, "evaluation_value": 6, "teacher_evaluation": true, "last_evaluation": false}}, {"model": "matrix.studentevaluation", "pk": 93, "fields": {"added_date": "2019-08-28T14:41:13.020Z", "updated_date": "2019-08-29T08:44:51.709Z", "achievement": 6, "student": 1, "evaluation_value": 6, "teacher_evaluation": false, "last_evaluation": false}}, {"model": "matrix.studentevaluation", "pk": 94, "fields": {"added_date": "2019-08-28T14:49:49.826Z", "updated_date": "2019-08-29T08:44:51.850Z", "achievement": 5, "student": 1, "evaluation_value": 7, "teacher_evaluation": false, "last_evaluation": true}}, {"model": "matrix.studentevaluation", "pk": 95, "fields": {"added_date": "2019-08-28T14:49:49.881Z", "updated_date": "2019-08-29T08:41:01.665Z", "achievement": 4, "student": 1, "evaluation_value": 8, "teacher_evaluation": false, "last_evaluation": false}}, {"model": "matrix.studentevaluation", "pk": 96, "fields": {"added_date": "2019-08-28T14:49:49.929Z", "updated_date": "2019-08-29T08:41:01.778Z", "achievement": 2, "student": 1, "evaluation_value": 7, "teacher_evaluation": false, "last_evaluation": false}}, {"model": "matrix.studentevaluation", "pk": 97, "fields": {"added_date": "2019-08-29T08:41:37.515Z", "updated_date": "2019-08-29T08:41:46.567Z", "achievement": 4, "student": 1, "evaluation_value": 9, "teacher_evaluation": false, "last_evaluation": true}}, {"model": "matrix.studentevaluation", "pk": 98, "fields": {"added_date": "2019-08-29T08:41:37.565Z", "updated_date": "2019-08-29T08:41:46.730Z", "achievement": 2, "student": 1, "evaluation_value": 9, "teacher_evaluation": false, "last_evaluation": true}}, {"model": "matrix.studentevaluation", "pk": 99, "fields": {"added_date": "2019-08-29T08:41:46.620Z", "updated_date": "2019-08-29T08:41:46.620Z", "achievement": 3, "student": 1, "evaluation_value": 6, "teacher_evaluation": false, "last_evaluation": true}}, {"model": "matrix.studentevaluation", "pk": 100, "fields": {"added_date": "2019-08-29T08:46:58.246Z", "updated_date": "2019-08-29T08:46:58.246Z", "achievement": 7, "student": 1, "evaluation_value": 7, "teacher_evaluation": false, "last_evaluation": false}}, {"model": "matrix.studentevaluation", "pk": 101, "fields": {"added_date": "2019-08-29T08:47:13.359Z", "updated_date": "2019-08-29T08:47:13.359Z", "achievement": 7, "student": 1, "evaluation_value": 8, "teacher_evaluation": false, "last_evaluation": false}}, {"model": "matrix.studentevaluation", "pk": 102, "fields": {"added_date": "2019-08-29T08:47:16.909Z", "updated_date": "2019-08-29T08:47:16.909Z", "achievement": 7, "student": 1, "evaluation_value": 9, "teacher_evaluation": false, "last_evaluation": false}}, {"model": "matrix.studentevaluation", "pk": 103, "fields": {"added_date": "2019-08-29T08:56:30.956Z", "updated_date": "2019-08-29T08:56:30.956Z", "achievement": 7, "student": 1, "evaluation_value": 8, "teacher_evaluation": false, "last_evaluation": false}}, {"model": "matrix.studentevaluation", "pk": 104, "fields": {"added_date": "2019-08-29T08:56:38.027Z", "updated_date": "2019-08-29T08:56:38.027Z", "achievement": 7, "student": 1, "evaluation_value": 6, "teacher_evaluation": false, "last_evaluation": false}}, {"model": "matrix.studentevaluation", "pk": 105, "fields": {"added_date": "2019-08-29T08:56:40.437Z", "updated_date": "2019-08-29T08:56:40.437Z", "achievement": 7, "student": 1, "evaluation_value": 8, "teacher_evaluation": false, "last_evaluation": true}}, {"model": "matrix.studentevaluation", "pk": 106, "fields": {"added_date": "2019-08-29T08:56:50.610Z", "updated_date": "2019-08-29T08:56:50.610Z", "achievement": 6, "student": 1, "evaluation_value": 7, "teacher_evaluation": false, "last_evaluation": false}}, {"model": "matrix.studentevaluation", "pk": 107, "fields": {"added_date": "2019-08-29T08:56:54.903Z", "updated_date": "2019-08-29T08:56:54.903Z", "achievement": 6, "student": 1, "evaluation_value": 8, "teacher_evaluation": false, "last_evaluation": true}}, {"model": "matrix.studentevaluation", "pk": 108, "fields": {"added_date": "2019-08-29T09:23:21.000Z", "updated_date": "2019-08-29T09:23:21.000Z", "achievement": 7, "student": 1, "evaluation_value": 7, "teacher_evaluation": true, "last_evaluation": false}}, {"model": "matrix.studentevaluation", "pk": 109, "fields": {"added_date": "2019-08-29T09:23:25.002Z", "updated_date": "2019-08-29T09:23:25.002Z", "achievement": 7, "student": 1, "evaluation_value": 8, "teacher_evaluation": true, "last_evaluation": false}}, {"model": "matrix.studentevaluation", "pk": 110, "fields": {"added_date": "2019-08-29T09:23:28.838Z", "updated_date": "2019-08-29T09:23:28.838Z", "achievement": 7, "student": 1, "evaluation_value": 7, "teacher_evaluation": true, "last_evaluation": false}}, {"model": "matrix.studentevaluation", "pk": 111, "fields": {"added_date": "2019-08-29T09:23:40.712Z", "updated_date": "2019-08-29T09:28:41.742Z", "achievement": 7, "student": 1, "evaluation_value": 9, "teacher_evaluation": true, "last_evaluation": true}}, {"model": "matrix.studentevaluation", "pk": 112, "fields": {"added_date": "2019-08-29T09:23:40.763Z", "updated_date": "2019-08-29T09:23:40.763Z", "achievement": 6, "student": 1, "evaluation_value": 9, "teacher_evaluation": true, "last_evaluation": false}}, {"model": "matrix.studentevaluation", "pk": 113, "fields": {"added_date": "2019-08-29T09:23:40.793Z", "updated_date": "2019-08-29T09:28:41.974Z", "achievement": 5, "student": 1, "evaluation_value": 9, "teacher_evaluation": true, "last_evaluation": true}}, {"model": "matrix.studentevaluation", "pk": 114, "fields": {"added_date": "2019-08-29T09:28:19.742Z", "updated_date": "2019-08-29T09:28:41.863Z", "achievement": 6, "student": 1, "evaluation_value": 7, "teacher_evaluation": true, "last_evaluation": true}}, {"model": "matrix.studentevaluation", "pk": 118, "fields": {"added_date": "2019-08-29T09:32:40.871Z", "updated_date": "2019-08-29T09:35:28.224Z", "achievement": 7, "student": 2, "evaluation_value": 6, "teacher_evaluation": true, "last_evaluation": true}}, {"model": "matrix.studentevaluation", "pk": 119, "fields": {"added_date": "2019-08-29T09:32:40.922Z", "updated_date": "2019-08-29T09:35:28.339Z", "achievement": 6, "student": 2, "evaluation_value": 7, "teacher_evaluation": true, "last_evaluation": true}}, {"model": "matrix.smallclass", "pk": 1, "fields": {"added_date": "2019-08-07T21:42:51.707Z", "updated_date": "2019-08-22T08:07:20.551Z", "teacher": 1, "course": 1, "promotion_year": 2, "students": [2, 3]}}, {"model": "matrix.smallclass", "pk": 2, "fields": {"added_date": "2019-08-07T21:43:03.547Z", "updated_date": "2019-08-22T08:07:07.327Z", "teacher": 1, "course": 3, "promotion_year": 2, "students": [1, 2]}}, {"model": "matrix.smallclass", "pk": 3, "fields": {"added_date": "2019-08-22T07:45:49.756Z", "updated_date": "2019-08-22T08:07:06.609Z", "teacher": 129, "course": 3, "promotion_year": 2, "students": [130, 131]}}, {"model": "matrix.smallclass", "pk": 4, "fields": {"added_date": "2019-08-22T07:45:58.442Z", "updated_date": "2019-08-22T08:07:07.903Z", "teacher": 129, "course": 1, "promotion_year": 2, "students": [130, 131]}}, {"model": "matrix.smallclass", "pk": 5, "fields": {"added_date": "2019-08-22T08:05:33.944Z", "updated_date": "2019-08-22T08:05:33.944Z", "teacher": 1, "course": 3, "promotion_year": 1, "students": [132, 133]}}]