[{"model": "contenttypes.contenttype", "pk": 1, "fields": {"app_label": "admin", "model": "logentry"}}, {"model": "contenttypes.contenttype", "pk": 2, "fields": {"app_label": "auth", "model": "permission"}}, {"model": "contenttypes.contenttype", "pk": 3, "fields": {"app_label": "auth", "model": "group"}}, {"model": "contenttypes.contenttype", "pk": 4, "fields": {"app_label": "auth", "model": "user"}}, {"model": "contenttypes.contenttype", "pk": 5, "fields": {"app_label": "contenttypes", "model": "contenttype"}}, {"model": "contenttypes.contenttype", "pk": 6, "fields": {"app_label": "sessions", "model": "session"}}, {"model": "contenttypes.contenttype", "pk": 7, "fields": {"app_label": "matrix", "model": "ecue"}}, {"model": "contenttypes.contenttype", "pk": 8, "fields": {"app_label": "matrix", "model": "evaluationvalue"}}, {"model": "contenttypes.contenttype", "pk": 9, "fields": {"app_label": "matrix", "model": "learningachievement"}}, {"model": "contenttypes.contenttype", "pk": 10, "fields": {"app_label": "matrix", "model": "profileuser"}}, {"model": "contenttypes.contenttype", "pk": 11, "fields": {"app_label": "matrix", "model": "schoolyear"}}, {"model": "contenttypes.contenttype", "pk": 12, "fields": {"app_label": "matrix", "model": "semestre"}}, {"model": "contenttypes.contenttype", "pk": 13, "fields": {"app_label": "matrix", "model": "ue"}}, {"model": "contenttypes.contenttype", "pk": 14, "fields": {"app_label": "matrix", "model": "studentevaluation"}}, {"model": "contenttypes.contenttype", "pk": 15, "fields": {"app_label": "matrix", "model": "smallclass"}}, {"model": "sessions.session", "pk": "o95raaxxwk59aqx4id6xn6s0q7wzar9a", "fields": {"session_data": "OGUyODU3MTg3NGYxNTg2OGQxOGE5ZGVkMzMwMDZhNDM2ZmM1MTJlMDp7Il9hdXRoX3VzZXJfaWQiOiIxIiwiX2F1dGhfdXNlcl9iYWNrZW5kIjoiZGphbmdvLmNvbnRyaWIuYXV0aC5iYWNrZW5kcy5Nb2RlbEJhY2tlbmQiLCJfYXV0aF91c2VyX2hhc2giOiJlN2RmMzcxMjA2ZThhOTM5YzIzZGJiZTUzMzZiN2MyYTBkYmRmNDNmIn0=", "expire_date": "2019-08-21T21:28:59.242Z"}}, {"model": "matrix.schoolyear", "pk": 1, "fields": {"added_date": "2019-07-11T14:07:32.784Z", "updated_date": "2019-07-11T14:07:32.788Z", "name": "2A", "order": 2}}, {"model": "matrix.schoolyear", "pk": 2, "fields": {"added_date": "2019-07-11T14:07:32.784Z", "updated_date": "2019-07-11T14:07:32.788Z", "name": "1A", "order": 1}}, {"model": "matrix.schoolyear", "pk": 3, "fields": {"added_date": "2019-07-11T14:07:32.784Z", "updated_date": "2019-07-11T14:07:32.788Z", "name": "3A", "order": 3}}, {"model": "matrix.semestre", "pk": 1, "fields": {"added_date": "2019-07-11T14:07:32.833Z", "updated_date": "2019-07-11T14:07:32.838Z", "name": "S1", "order": 1, "schoolyear": 2}}, {"model": "matrix.semestre", "pk": 2, "fields": {"added_date": "2019-07-11T14:07:32.833Z", "updated_date": "2019-07-11T14:07:32.838Z", "name": "S2", "order": 2, "schoolyear": 2}}, {"model": "matrix.semestre", "pk": 3, "fields": {"added_date": "2019-07-11T14:07:32.833Z", "updated_date": "2019-07-11T14:07:32.838Z", "name": "S3", "order": 3, "schoolyear": 1}}, {"model": "matrix.semestre", "pk": 4, "fields": {"added_date": "2019-07-11T14:07:32.833Z", "updated_date": "2019-07-11T14:07:32.838Z", "name": "S4", "order": 4, "schoolyear": 1}}, {"model": "matrix.semestre", "pk": 5, "fields": {"added_date": "2019-07-11T14:07:32.833Z", "updated_date": "2019-07-11T14:07:32.838Z", "name": "S5", "order": 5, "schoolyear": 3}}, {"model": "matrix.semestre", "pk": 6, "fields": {"added_date": "2019-07-11T14:07:32.833Z", "updated_date": "2019-07-11T14:07:32.838Z", "name": "S6", "order": 6, "schoolyear": 3}}, {"model": "matrix.ue", "pk": 1, "fields": {"added_date": "2019-07-11T14:07:32.843Z", "updated_date": "2019-07-11T14:07:32.848Z", "name": "UE12", "semestre": 1}}, {"model": "matrix.ue", "pk": 2, "fields": {"added_date": "2019-07-11T14:07:32.843Z", "updated_date": "2019-07-11T14:07:32.848Z", "name": "UE22", "semestre": 2}}, {"model": "matrix.ecue", "pk": 1, "fields": {"added_date": "2019-07-11T14:07:32.802Z", "updated_date": "2019-07-11T14:07:32.808Z", "name": "Apprentissage de la programmation", "ue": 1, "slug": "apprentissage-de-la-programmation"}}, {"model": "matrix.ecue", "pk": 2, "fields": {"added_date": "2019-07-11T14:07:32.802Z", "updated_date": "2019-07-11T14:07:32.808Z", "name": "Programmation \u00e9l\u00e9mentaire", "ue": 1, "slug": "programmation-elementaire"}}, {"model": "matrix.ecue", "pk": 3, "fields": {"added_date": "2019-07-11T14:07:32.802Z", "updated_date": "2019-07-11T14:07:32.808Z", "name": "Outils pour les Math\u00e9matiques", "ue": 1, "slug": "outils-pour-les-mathematiques"}}, {"model": "matrix.ecue", "pk": 4, "fields": {"added_date": "2019-07-11T14:07:32.802Z", "updated_date": "2019-07-11T14:07:32.808Z", "name": "Programmation coop\u00e9rante", "ue": 2, "slug": "programmation-coherente"}}, {"model": "matrix.ecue", "pk": 5, "fields": {"added_date": "2019-07-11T14:07:32.802Z", "updated_date": "2019-07-11T14:07:32.808Z", "name": "Programmation fiable", "ue": 2, "slug": "programmation-fiable"}}, {"model": "matrix.ecue", "pk": 6, "fields": {"added_date": "2019-07-11T14:07:32.802Z", "updated_date": "2019-07-11T14:07:32.808Z", "name": "Projets logiciels", "ue": 2, "slug": "projets-logiciels"}}, {"model": "matrix.evaluationvalue", "pk": 6, "fields": {"added_date": "2019-07-11T14:07:32.873Z", "updated_date": "2019-07-11T14:07:32.880Z", "value": "Nul", "order": 1}}, {"model": "matrix.evaluationvalue", "pk": 7, "fields": {"added_date": "2019-07-11T14:07:32.873Z", "updated_date": "2019-07-11T14:07:32.880Z", "value": "Passable", "order": 2}}, {"model": "matrix.evaluationvalue", "pk": 8, "fields": {"added_date": "2019-07-11T14:07:32.873Z", "updated_date": "2019-07-11T14:07:32.880Z", "value": "Bien", "order": 3}}, {"model": "matrix.evaluationvalue", "pk": 9, "fields": {"added_date": "2019-07-11T14:07:32.873Z", "updated_date": "2019-07-11T14:07:32.880Z", "value": "Excellent", "order": 4}}, {"model": "matrix.learningachievement", "pk": 1, "fields": {"added_date": "2019-07-11T14:07:32.761Z", "updated_date": "2019-07-11T14:07:32.779Z", "name": "Sait utiliser les boucles for", "ecue": 1, "slug": "sait-utiliser-boucles-for"}}, {"model": "matrix.learningachievement", "pk": 2, "fields": {"added_date": "2019-07-11T14:07:32.761Z", "updated_date": "2019-07-11T14:07:32.779Z", "name": "Sait utiliser des entiers", "ecue": 1, "slug": "sait-utiliser-entiers"}}, {"model": "matrix.learningachievement", "pk": 3, "fields": {"added_date": "2019-07-11T14:11:36.378Z", "updated_date": "2019-07-11T14:11:36.378Z", "name": "Sait blabla", "ecue": 1, "slug": "sait-blabla"}}, {"model": "matrix.learningachievement", "pk": 4, "fields": {"added_date": "2019-07-11T14:12:04.212Z", "updated_date": "2019-07-11T14:12:04.212Z", "name": "Sait aozenaoizen", "ecue": 1, "slug": "sait-aozenaoizen"}}, {"model": "matrix.studentevaluation", "pk": 1, "fields": {"added_date": "2019-07-11T14:07:32.817Z", "updated_date": "2019-07-11T14:07:32.828Z", "achievement": 2, "student": 1, "evaluation_value": 7, "teacher_evaluation": true}}, {"model": "matrix.studentevaluation", "pk": 7, "fields": {"added_date": "2019-07-11T14:07:32.817Z", "updated_date": "2019-07-11T14:07:32.828Z", "achievement": 1, "student": 1, "evaluation_value": 9, "teacher_evaluation": false}}, {"model": "matrix.studentevaluation", "pk": 8, "fields": {"added_date": "2019-07-11T14:12:18.630Z", "updated_date": "2019-08-05T12:43:30.512Z", "achievement": 3, "student": 1, "evaluation_value": 7, "teacher_evaluation": false}}, {"model": "matrix.studentevaluation", "pk": 9, "fields": {"added_date": "2019-08-05T12:43:42.031Z", "updated_date": "2019-08-05T12:43:42.031Z", "achievement": 3, "student": 1, "evaluation_value": 8, "teacher_evaluation": false}}, {"model": "matrix.studentevaluation", "pk": 10, "fields": {"added_date": "2019-08-05T12:43:46.754Z", "updated_date": "2019-08-05T12:43:46.754Z", "achievement": 3, "student": 1, "evaluation_value": 6, "teacher_evaluation": false}}, {"model": "matrix.studentevaluation", "pk": 11, "fields": {"added_date": "2019-08-07T21:38:44.387Z", "updated_date": "2019-08-07T21:38:44.387Z", "achievement": 3, "student": 1, "evaluation_value": 9, "teacher_evaluation": false}}, {"model": "matrix.studentevaluation", "pk": 12, "fields": {"added_date": "2019-08-07T21:38:56.010Z", "updated_date": "2019-08-07T21:38:56.010Z", "achievement": 1, "student": 1, "evaluation_value": 8, "teacher_evaluation": false}}, {"model": "matrix.smallclass", "pk": 1, "fields": {"added_date": "2019-08-07T21:42:51.707Z", "updated_date": "2019-08-07T21:42:51.707Z", "teacher": 1, "ecue": 1, "students": [2, 3]}}, {"model": "matrix.smallclass", "pk": 2, "fields": {"added_date": "2019-08-07T21:43:03.547Z", "updated_date": "2019-08-07T21:43:03.547Z", "teacher": 1, "ecue": 3, "students": [1, 2]}}, {"model": "auth.permission", "pk": 1, "fields": {"name": "Can add log entry", "content_type": 1, "codename": "add_logentry"}}, {"model": "auth.permission", "pk": 2, "fields": {"name": "Can change log entry", "content_type": 1, "codename": "change_logentry"}}, {"model": "auth.permission", "pk": 3, "fields": {"name": "Can delete log entry", "content_type": 1, "codename": "delete_logentry"}}, {"model": "auth.permission", "pk": 4, "fields": {"name": "Can view log entry", "content_type": 1, "codename": "view_logentry"}}, {"model": "auth.permission", "pk": 5, "fields": {"name": "Can add permission", "content_type": 2, "codename": "add_permission"}}, {"model": "auth.permission", "pk": 6, "fields": {"name": "Can change permission", "content_type": 2, "codename": "change_permission"}}, {"model": "auth.permission", "pk": 7, "fields": {"name": "Can delete permission", "content_type": 2, "codename": "delete_permission"}}, {"model": "auth.permission", "pk": 8, "fields": {"name": "Can view permission", "content_type": 2, "codename": "view_permission"}}, {"model": "auth.permission", "pk": 9, "fields": {"name": "Can add group", "content_type": 3, "codename": "add_group"}}, {"model": "auth.permission", "pk": 10, "fields": {"name": "Can change group", "content_type": 3, "codename": "change_group"}}, {"model": "auth.permission", "pk": 11, "fields": {"name": "Can delete group", "content_type": 3, "codename": "delete_group"}}, {"model": "auth.permission", "pk": 12, "fields": {"name": "Can view group", "content_type": 3, "codename": "view_group"}}, {"model": "auth.permission", "pk": 13, "fields": {"name": "Can add user", "content_type": 4, "codename": "add_user"}}, {"model": "auth.permission", "pk": 14, "fields": {"name": "Can change user", "content_type": 4, "codename": "change_user"}}, {"model": "auth.permission", "pk": 15, "fields": {"name": "Can delete user", "content_type": 4, "codename": "delete_user"}}, {"model": "auth.permission", "pk": 16, "fields": {"name": "Can view user", "content_type": 4, "codename": "view_user"}}, {"model": "auth.permission", "pk": 17, "fields": {"name": "Can add content type", "content_type": 5, "codename": "add_contenttype"}}, {"model": "auth.permission", "pk": 18, "fields": {"name": "Can change content type", "content_type": 5, "codename": "change_contenttype"}}, {"model": "auth.permission", "pk": 19, "fields": {"name": "Can delete content type", "content_type": 5, "codename": "delete_contenttype"}}, {"model": "auth.permission", "pk": 20, "fields": {"name": "Can view content type", "content_type": 5, "codename": "view_contenttype"}}, {"model": "auth.permission", "pk": 21, "fields": {"name": "Can add session", "content_type": 6, "codename": "add_session"}}, {"model": "auth.permission", "pk": 22, "fields": {"name": "Can change session", "content_type": 6, "codename": "change_session"}}, {"model": "auth.permission", "pk": 23, "fields": {"name": "Can delete session", "content_type": 6, "codename": "delete_session"}}, {"model": "auth.permission", "pk": 24, "fields": {"name": "Can view session", "content_type": 6, "codename": "view_session"}}, {"model": "auth.permission", "pk": 25, "fields": {"name": "Can add ECUE", "content_type": 7, "codename": "add_ecue"}}, {"model": "auth.permission", "pk": 26, "fields": {"name": "Can change ECUE", "content_type": 7, "codename": "change_ecue"}}, {"model": "auth.permission", "pk": 27, "fields": {"name": "Can delete ECUE", "content_type": 7, "codename": "delete_ecue"}}, {"model": "auth.permission", "pk": 28, "fields": {"name": "Can view ECUE", "content_type": 7, "codename": "view_ecue"}}, {"model": "auth.permission", "pk": 29, "fields": {"name": "Can add Valeur", "content_type": 8, "codename": "add_evaluationvalue"}}, {"model": "auth.permission", "pk": 30, "fields": {"name": "Can change Valeur", "content_type": 8, "codename": "change_evaluationvalue"}}, {"model": "auth.permission", "pk": 31, "fields": {"name": "Can delete Valeur", "content_type": 8, "codename": "delete_evaluationvalue"}}, {"model": "auth.permission", "pk": 32, "fields": {"name": "Can view Valeur", "content_type": 8, "codename": "view_evaluationvalue"}}, {"model": "auth.permission", "pk": 33, "fields": {"name": "Can add AcquisApprentissage", "content_type": 9, "codename": "add_learningachievement"}}, {"model": "auth.permission", "pk": 34, "fields": {"name": "Can change AcquisApprentissage", "content_type": 9, "codename": "change_learningachievement"}}, {"model": "auth.permission", "pk": 35, "fields": {"name": "Can delete AcquisApprentissage", "content_type": 9, "codename": "delete_learningachievement"}}, {"model": "auth.permission", "pk": 36, "fields": {"name": "Can view AcquisApprentissage", "content_type": 9, "codename": "view_learningachievement"}}, {"model": "auth.permission", "pk": 37, "fields": {"name": "Can add Utilisateur", "content_type": 10, "codename": "add_profileuser"}}, {"model": "auth.permission", "pk": 38, "fields": {"name": "Can change Utilisateur", "content_type": 10, "codename": "change_profileuser"}}, {"model": "auth.permission", "pk": 39, "fields": {"name": "Can delete Utilisateur", "content_type": 10, "codename": "delete_profileuser"}}, {"model": "auth.permission", "pk": 40, "fields": {"name": "Can view Utilisateur", "content_type": 10, "codename": "view_profileuser"}}, {"model": "auth.permission", "pk": 41, "fields": {"name": "Can add Annee", "content_type": 11, "codename": "add_schoolyear"}}, {"model": "auth.permission", "pk": 42, "fields": {"name": "Can change Annee", "content_type": 11, "codename": "change_schoolyear"}}, {"model": "auth.permission", "pk": 43, "fields": {"name": "Can delete Annee", "content_type": 11, "codename": "delete_schoolyear"}}, {"model": "auth.permission", "pk": 44, "fields": {"name": "Can view Annee", "content_type": 11, "codename": "view_schoolyear"}}, {"model": "auth.permission", "pk": 45, "fields": {"name": "Can add Semestre", "content_type": 12, "codename": "add_semestre"}}, {"model": "auth.permission", "pk": 46, "fields": {"name": "Can change Semestre", "content_type": 12, "codename": "change_semestre"}}, {"model": "auth.permission", "pk": 47, "fields": {"name": "Can delete Semestre", "content_type": 12, "codename": "delete_semestre"}}, {"model": "auth.permission", "pk": 48, "fields": {"name": "Can view Semestre", "content_type": 12, "codename": "view_semestre"}}, {"model": "auth.permission", "pk": 49, "fields": {"name": "Can add UE", "content_type": 13, "codename": "add_ue"}}, {"model": "auth.permission", "pk": 50, "fields": {"name": "Can change UE", "content_type": 13, "codename": "change_ue"}}, {"model": "auth.permission", "pk": 51, "fields": {"name": "Can delete UE", "content_type": 13, "codename": "delete_ue"}}, {"model": "auth.permission", "pk": 52, "fields": {"name": "Can view UE", "content_type": 13, "codename": "view_ue"}}, {"model": "auth.permission", "pk": 53, "fields": {"name": "Can add EvaluationEleve", "content_type": 14, "codename": "add_studentevaluation"}}, {"model": "auth.permission", "pk": 54, "fields": {"name": "Can change EvaluationEleve", "content_type": 14, "codename": "change_studentevaluation"}}, {"model": "auth.permission", "pk": 55, "fields": {"name": "Can delete EvaluationEleve", "content_type": 14, "codename": "delete_studentevaluation"}}, {"model": "auth.permission", "pk": 56, "fields": {"name": "Can view EvaluationEleve", "content_type": 14, "codename": "view_studentevaluation"}}, {"model": "auth.permission", "pk": 57, "fields": {"name": "Can add PetiteClasse", "content_type": 15, "codename": "add_smallclass"}}, {"model": "auth.permission", "pk": 58, "fields": {"name": "Can change PetiteClasse", "content_type": 15, "codename": "change_smallclass"}}, {"model": "auth.permission", "pk": 59, "fields": {"name": "Can delete PetiteClasse", "content_type": 15, "codename": "delete_smallclass"}}, {"model": "auth.permission", "pk": 60, "fields": {"name": "Can view PetiteClasse", "content_type": 15, "codename": "view_smallclass"}}, {"model": "auth.group", "pk": 1, "fields": {"name": "Enseignants", "permissions": []}}, {"model": "auth.group", "pk": 2, "fields": {"name": "\u00c9l\u00e8ves", "permissions": []}}, {"model": "auth.user", "pk": 1, "fields": {"password": "pbkdf2_sha256$150000$JsPwtcObRrcB$06SgkEd+roVswiHNnREo7LuAfyEstg1UPvGVu8IB+3w=", "last_login": "2019-08-07T21:28:58Z", "is_superuser": true, "username": "giliam", "first_name": "", "last_name": "", "email": "", "is_staff": true, "is_active": true, "date_joined": "2019-08-07T21:27:38Z", "groups": [1, 2], "user_permissions": []}}, {"model": "auth.user", "pk": 2, "fields": {"password": "pbkdf2_sha256$150000$62AvmDVu7shC$OBl9TzxIGku48bEbX2RDjpMzZnstXXhBYR9yQ0g7Vw4=", "last_login": null, "is_superuser": false, "username": "foo", "first_name": "", "last_name": "", "email": "", "is_staff": false, "is_active": true, "date_joined": "2019-08-07T21:29:37Z", "groups": [2], "user_permissions": []}}, {"model": "auth.user", "pk": 3, "fields": {"password": "pbkdf2_sha256$150000$hlp76syTUufG$SvJsRkUXAn5l2WHsbmbb/C44o6NvSm7Klp9aXBFFrJk=", "last_login": null, "is_superuser": false, "username": "bar", "first_name": "", "last_name": "", "email": "", "is_staff": false, "is_active": true, "date_joined": "2019-08-07T21:29:45Z", "groups": [2], "user_permissions": []}}, {"model": "matrix.profileuser", "pk": 1, "fields": {"added_date": "2019-07-11T14:07:32.856Z", "updated_date": "2019-07-11T14:07:32.866Z", "firstname": "Matthieu", "lastname": "D.", "user": 1}}, {"model": "matrix.profileuser", "pk": 2, "fields": {"added_date": "2019-08-07T21:31:01.931Z", "updated_date": "2019-08-07T21:31:01.931Z", "firstname": "Mister", "lastname": "Foo", "user": 2}}, {"model": "matrix.profileuser", "pk": 3, "fields": {"added_date": "2019-08-07T21:31:10.311Z", "updated_date": "2019-08-07T21:31:10.311Z", "firstname": "Miss", "lastname": "Bar", "user": 3}}, {"model": "admin.logentry", "pk": 1, "fields": {"action_time": "2019-08-07T21:29:15.522Z", "user": 1, "content_type": 3, "object_id": "1", "object_repr": "Enseignants", "action_flag": 1, "change_message": "[{\"added\": {}}]"}}, {"model": "admin.logentry", "pk": 2, "fields": {"action_time": "2019-08-07T21:29:21.017Z", "user": 1, "content_type": 3, "object_id": "2", "object_repr": "\u00c9l\u00e8ves", "action_flag": 1, "change_message": "[{\"added\": {}}]"}}, {"model": "admin.logentry", "pk": 3, "fields": {"action_time": "2019-08-07T21:29:37.857Z", "user": 1, "content_type": 4, "object_id": "2", "object_repr": "foo", "action_flag": 1, "change_message": "[{\"added\": {}}]"}}, {"model": "admin.logentry", "pk": 4, "fields": {"action_time": "2019-08-07T21:29:45.577Z", "user": 1, "content_type": 4, "object_id": "3", "object_repr": "bar", "action_flag": 1, "change_message": "[{\"added\": {}}]"}}, {"model": "admin.logentry", "pk": 5, "fields": {"action_time": "2019-08-07T21:29:53.205Z", "user": 1, "content_type": 4, "object_id": "3", "object_repr": "bar", "action_flag": 2, "change_message": "[{\"changed\": {\"fields\": [\"groups\"]}}]"}}, {"model": "admin.logentry", "pk": 6, "fields": {"action_time": "2019-08-07T21:30:31.643Z", "user": 1, "content_type": 4, "object_id": "2", "object_repr": "foo", "action_flag": 2, "change_message": "[{\"changed\": {\"fields\": [\"groups\"]}}]"}}, {"model": "admin.logentry", "pk": 7, "fields": {"action_time": "2019-08-07T21:30:35.541Z", "user": 1, "content_type": 4, "object_id": "1", "object_repr": "giliam", "action_flag": 2, "change_message": "[{\"changed\": {\"fields\": [\"groups\"]}}]"}}, {"model": "admin.logentry", "pk": 8, "fields": {"action_time": "2019-08-07T21:31:02.087Z", "user": 1, "content_type": 10, "object_id": "2", "object_repr": "Mister FOO", "action_flag": 1, "change_message": "[{\"added\": {}}]"}}, {"model": "admin.logentry", "pk": 9, "fields": {"action_time": "2019-08-07T21:31:10.400Z", "user": 1, "content_type": 10, "object_id": "3", "object_repr": "Miss BAR", "action_flag": 1, "change_message": "[{\"added\": {}}]"}}, {"model": "admin.logentry", "pk": 10, "fields": {"action_time": "2019-08-07T21:42:52.353Z", "user": 1, "content_type": 15, "object_id": "1", "object_repr": "PC de APPRENTISSAGE DE LA PROGRAMMATION - UE12 (S1) par Matthieu D. (2 \u00e9l\u00e8ves)", "action_flag": 1, "change_message": "[{\"added\": {}}]"}}, {"model": "admin.logentry", "pk": 11, "fields": {"action_time": "2019-08-07T21:43:04.274Z", "user": 1, "content_type": 15, "object_id": "2", "object_repr": "PC de OUTILS POUR LES MATH\u00c9MATIQUES - UE12 (S1) par Matthieu D. (2 \u00e9l\u00e8ves)", "action_flag": 1, "change_message": "[{\"added\": {}}]"}}]