[{"model": "matrix.profileuser", "pk": 1, "fields": {"added_date": "2019-07-11T14:07:32.856Z", "updated_date": "2019-07-11T14:07:32.866Z", "firstname": "Matthieu", "lastname": "D.", "user": 1}}, {"model": "matrix.profileuser", "pk": 2, "fields": {"added_date": "2019-08-07T21:31:01.931Z", "updated_date": "2019-08-07T21:31:01.931Z", "firstname": "Mister", "lastname": "Foo", "user": 2}}, {"model": "matrix.profileuser", "pk": 3, "fields": {"added_date": "2019-08-07T21:31:10.311Z", "updated_date": "2019-08-07T21:31:10.311Z", "firstname": "Miss", "lastname": "Bar", "user": 3}}, {"model": "matrix.schoolyear", "pk": 1, "fields": {"added_date": "2019-07-11T14:07:32.784Z", "updated_date": "2019-07-11T14:07:32.788Z", "name": "2A", "order": 2}}, {"model": "matrix.schoolyear", "pk": 2, "fields": {"added_date": "2019-07-11T14:07:32.784Z", "updated_date": "2019-07-11T14:07:32.788Z", "name": "1A", "order": 1}}, {"model": "matrix.schoolyear", "pk": 3, "fields": {"added_date": "2019-07-11T14:07:32.784Z", "updated_date": "2019-07-11T14:07:32.788Z", "name": "3A", "order": 3}}, {"model": "matrix.semestre", "pk": 1, "fields": {"added_date": "2019-07-11T14:07:32.833Z", "updated_date": "2019-07-11T14:07:32.838Z", "name": "S1", "order": 1, "schoolyear": 2}}, {"model": "matrix.semestre", "pk": 2, "fields": {"added_date": "2019-07-11T14:07:32.833Z", "updated_date": "2019-07-11T14:07:32.838Z", "name": "S2", "order": 2, "schoolyear": 2}}, {"model": "matrix.semestre", "pk": 3, "fields": {"added_date": "2019-07-11T14:07:32.833Z", "updated_date": "2019-07-11T14:07:32.838Z", "name": "S3", "order": 3, "schoolyear": 1}}, {"model": "matrix.semestre", "pk": 4, "fields": {"added_date": "2019-07-11T14:07:32.833Z", "updated_date": "2019-07-11T14:07:32.838Z", "name": "S4", "order": 4, "schoolyear": 1}}, {"model": "matrix.semestre", "pk": 5, "fields": {"added_date": "2019-07-11T14:07:32.833Z", "updated_date": "2019-07-11T14:07:32.838Z", "name": "S5", "order": 5, "schoolyear": 3}}, {"model": "matrix.semestre", "pk": 6, "fields": {"added_date": "2019-07-11T14:07:32.833Z", "updated_date": "2019-07-11T14:07:32.838Z", "name": "S6", "order": 6, "schoolyear": 3}}, {"model": "matrix.ue", "pk": 1, "fields": {"added_date": "2019-07-11T14:07:32.843Z", "updated_date": "2019-07-11T14:07:32.848Z", "name": "UE12", "semestre": 1}}, {"model": "matrix.ue", "pk": 2, "fields": {"added_date": "2019-07-11T14:07:32.843Z", "updated_date": "2019-07-11T14:07:32.848Z", "name": "UE22", "semestre": 2}}, {"model": "matrix.ecue", "pk": 1, "fields": {"added_date": "2019-08-21T07:22:49.625Z", "updated_date": "2019-08-21T07:22:49.625Z", "name": "Apprentissage de la programmation", "ue": 1}}, {"model": "matrix.ecue", "pk": 2, "fields": {"added_date": "2019-08-21T07:22:56.525Z", "updated_date": "2019-08-21T07:22:56.525Z", "name": "Outils pour les math\u00e9matiques", "ue": 1}}, {"model": "matrix.ecue", "pk": 3, "fields": {"added_date": "2019-08-21T07:23:09.800Z", "updated_date": "2019-08-21T07:23:09.800Z", "name": "Programmation \u00e9l\u00e9mentaire", "ue": 1}}, {"model": "matrix.ecue", "pk": 4, "fields": {"added_date": "2019-08-21T07:23:17.171Z", "updated_date": "2019-08-21T07:23:17.171Z", "name": "Programmation coop\u00e9rante", "ue": 2}}, {"model": "matrix.ecue", "pk": 5, "fields": {"added_date": "2019-08-21T07:23:23.105Z", "updated_date": "2019-08-21T07:23:23.105Z", "name": "Programmation fiable", "ue": 2}}, {"model": "matrix.ecue", "pk": 6, "fields": {"added_date": "2019-08-21T07:23:28.867Z", "updated_date": "2019-08-21T07:23:28.867Z", "name": "Projets logiciels", "ue": 2}}, {"model": "matrix.course", "pk": 1, "fields": {"added_date": "2019-07-11T14:07:32.802Z", "updated_date": "2019-08-21T07:23:53.328Z", "name": "Python primer", "ecue": 2, "slug": "python-primer"}}, {"model": "matrix.course", "pk": 2, "fields": {"added_date": "2019-07-11T14:07:32.802Z", "updated_date": "2019-08-21T07:25:12.822Z", "name": "Fonctionnement des ordinateurs et OS", "ecue": 3, "slug": "fonctionnement-des-ordinateurs-et-os"}}, {"model": "matrix.course", "pk": 3, "fields": {"added_date": "2019-07-11T14:07:32.802Z", "updated_date": "2019-08-21T07:24:03.734Z", "name": "Python num\u00e9rique", "ecue": 2, "slug": "python-numerique"}}, {"model": "matrix.course", "pk": 4, "fields": {"added_date": "2019-07-11T14:07:32.802Z", "updated_date": "2019-08-21T07:24:16.262Z", "name": "Python dataviz", "ecue": 2, "slug": "python-dataviz"}}, {"model": "matrix.course", "pk": 5, "fields": {"added_date": "2019-07-11T14:07:32.802Z", "updated_date": "2019-08-21T07:24:30.558Z", "name": "Git", "ecue": 2, "slug": "git"}}, {"model": "matrix.course", "pk": 6, "fields": {"added_date": "2019-07-11T14:07:32.802Z", "updated_date": "2019-08-21T07:25:27.970Z", "name": "Fondamentaux en algorithmique", "ecue": 3, "slug": "fondamentaux-en-algorithmique"}}, {"model": "matrix.course", "pk": 7, "fields": {"added_date": "2019-08-21T07:25:47.590Z", "updated_date": "2019-08-21T07:25:47.590Z", "name": "Marathon de code", "ecue": 3, "slug": "marathon-de-code"}}, {"model": "matrix.course", "pk": 8, "fields": {"added_date": "2019-08-21T07:26:02.448Z", "updated_date": "2019-08-21T07:26:02.448Z", "name": "Apprentissage de la programmation", "ecue": 1, "slug": "apprentissage-de-la-programmation"}}, {"model": "matrix.evaluationvalue", "pk": 6, "fields": {"added_date": "2019-07-11T14:07:32.873Z", "updated_date": "2019-08-09T19:46:59.861Z", "value": "Nul", "integer_value": 1, "order": 1}}, {"model": "matrix.evaluationvalue", "pk": 7, "fields": {"added_date": "2019-07-11T14:07:32.873Z", "updated_date": "2019-08-09T19:46:57.863Z", "value": "Passable", "integer_value": 2, "order": 2}}, {"model": "matrix.evaluationvalue", "pk": 8, "fields": {"added_date": "2019-07-11T14:07:32.873Z", "updated_date": "2019-08-09T19:47:01.906Z", "value": "Bien", "integer_value": 3, "order": 3}}, {"model": "matrix.evaluationvalue", "pk": 9, "fields": {"added_date": "2019-07-11T14:07:32.873Z", "updated_date": "2019-08-09T19:47:03.428Z", "value": "Excellent", "integer_value": 4, "order": 4}}, {"model": "matrix.learningachievement", "pk": 1, "fields": {"added_date": "2019-07-11T14:07:32.761Z", "updated_date": "2019-07-11T14:07:32.779Z", "name": "Sait utiliser les boucles for", "course": 1, "slug": "sait-utiliser-boucles-for"}}, {"model": "matrix.learningachievement", "pk": 2, "fields": {"added_date": "2019-07-11T14:07:32.761Z", "updated_date": "2019-07-11T14:07:32.779Z", "name": "Sait utiliser des entiers", "course": 1, "slug": "sait-utiliser-entiers"}}, {"model": "matrix.learningachievement", "pk": 3, "fields": {"added_date": "2019-07-11T14:11:36.378Z", "updated_date": "2019-07-11T14:11:36.378Z", "name": "Sait blabla", "course": 1, "slug": "sait-blabla"}}, {"model": "matrix.learningachievement", "pk": 4, "fields": {"added_date": "2019-07-11T14:12:04.212Z", "updated_date": "2019-07-11T14:12:04.212Z", "name": "Sait aozenaoizen", "course": 1, "slug": "sait-aozenaoizen"}}, {"model": "matrix.studentevaluation", "pk": 56, "fields": {"added_date": "2019-08-10T17:25:25.779Z", "updated_date": "2019-08-10T17:25:25.779Z", "achievement": 4, "student": 3, "evaluation_value": 9, "teacher_evaluation": true, "last_evaluation": false}}, {"model": "matrix.studentevaluation", "pk": 57, "fields": {"added_date": "2019-08-10T17:25:25.817Z", "updated_date": "2019-08-10T17:25:25.817Z", "achievement": 3, "student": 3, "evaluation_value": 9, "teacher_evaluation": true, "last_evaluation": true}}, {"model": "matrix.studentevaluation", "pk": 58, "fields": {"added_date": "2019-08-10T17:25:25.866Z", "updated_date": "2019-08-10T17:25:25.866Z", "achievement": 2, "student": 3, "evaluation_value": 9, "teacher_evaluation": true, "last_evaluation": true}}, {"model": "matrix.studentevaluation", "pk": 59, "fields": {"added_date": "2019-08-10T17:25:25.904Z", "updated_date": "2019-08-10T17:25:25.904Z", "achievement": 1, "student": 3, "evaluation_value": 9, "teacher_evaluation": true, "last_evaluation": true}}, {"model": "matrix.studentevaluation", "pk": 60, "fields": {"added_date": "2019-08-10T17:28:39.183Z", "updated_date": "2019-08-10T17:28:39.183Z", "achievement": 4, "student": 3, "evaluation_value": 8, "teacher_evaluation": true, "last_evaluation": true}}, {"model": "matrix.studentevaluation", "pk": 61, "fields": {"added_date": "2019-08-10T17:28:52.515Z", "updated_date": "2019-08-10T17:28:52.515Z", "achievement": 2, "student": 2, "evaluation_value": 9, "teacher_evaluation": true, "last_evaluation": true}}, {"model": "matrix.studentevaluation", "pk": 62, "fields": {"added_date": "2019-08-10T17:28:54.589Z", "updated_date": "2019-08-10T17:28:54.589Z", "achievement": 4, "student": 2, "evaluation_value": 7, "teacher_evaluation": true, "last_evaluation": true}}, {"model": "matrix.studentevaluation", "pk": 63, "fields": {"added_date": "2019-08-21T07:03:08.955Z", "updated_date": "2019-08-21T07:03:08.955Z", "achievement": 4, "student": 1, "evaluation_value": 8, "teacher_evaluation": false, "last_evaluation": false}}, {"model": "matrix.studentevaluation", "pk": 64, "fields": {"added_date": "2019-08-21T07:03:14.079Z", "updated_date": "2019-08-21T07:03:14.079Z", "achievement": 4, "student": 1, "evaluation_value": 9, "teacher_evaluation": false, "last_evaluation": true}}, {"model": "matrix.smallclass", "pk": 1, "fields": {"added_date": "2019-08-07T21:42:51.707Z", "updated_date": "2019-08-07T21:42:51.707Z", "teacher": 1, "course": 1, "students": [2, 3]}}, {"model": "matrix.smallclass", "pk": 2, "fields": {"added_date": "2019-08-07T21:43:03.547Z", "updated_date": "2019-08-07T21:43:03.547Z", "teacher": 1, "course": 3, "students": [1, 2]}}]